{".combat.on_lh.pial.K_filtered.sm20.mgh": {"mean": 0.44163572788238525, "std": 0.23417091369628906}, ".combat.on_lh.pial.K_filtered_regression.sm20.mgh": {"mean": 0.44163572788238525, "std": 0.22740653157234192}, ".combat.on_lh.thickness.sm3.mgh": {"mean": 2.6340560913085938, "std": 0.660460352897644}, ".combat.on_lh.thickness_regression.sm3.mgh": {"mean": 2.6340560913085938, "std": 0.6315086483955383}, ".combat.on_lh.w-g.pct.sm3.mgh": {"mean": 26.449058532714844, "std": 7.576606750488281}, ".combat.on_lh.w-g.pct_regression.sm3.mgh": {"mean": 26.449060440063477, "std": 6.930545330047607}, ".combat.on_lh.sulc.sm3.mgh": {"mean": 0.0543271005153656, "std": 0.567446231842041}, ".combat.on_lh.curv.sm3.mgh": {"mean": -0.02648821659386158, "std": 0.14007315039634705}, ".combat.on_lh.gm_FLAIR_0.75.sm3.mgh": {"mean": 43.97386169433594, "std": 63.64024353027344}, ".combat.on_lh.gm_FLAIR_0.5.sm3.mgh": {"mean": 45.000755310058594, "std": 65.03459930419922}, ".combat.on_lh.gm_FLAIR_0.25.sm3.mgh": {"mean": 43.95621871948242, "std": 63.44464111328125}, ".combat.on_lh.gm_FLAIR_0.sm3.mgh": {"mean": 41.503089904785156, "std": 59.7852897644043}, ".combat.on_lh.wm_FLAIR_0.5.sm3.mgh": {"mean": 39.21954345703125, "std": 56.405418395996094}, ".combat.on_lh.wm_FLAIR_1.sm3.mgh": {"mean": 37.79671096801758, "std": 54.348175048828125}, ".inter_z.intra_z.combat.on_lh.pial.K_filtered.sm20.mgh": {"mean": 0.004235710017383099, "std": 1.0217418670654297}, ".inter_z.intra_z.combat.on_lh.pial.K_filtered_regression.sm20.mgh": {"mean": 0.004171187523752451, "std": 1.0223321914672852}, ".inter_z.intra_z.combat.on_lh.thickness.sm3.mgh": {"mean": 0.0006810493650846183, "std": 1.0104831457138062}, ".inter_z.intra_z.combat.on_lh.thickness_regression.sm3.mgh": {"mean": 0.00015500144218094647, "std": 1.010594129562378}, ".inter_z.intra_z.combat.on_lh.w-g.pct.sm3.mgh": {"mean": 0.003384882817044854, "std": 1.0032544136047363}, ".inter_z.intra_z.combat.on_lh.w-g.pct_regression.sm3.mgh": {"mean": 0.00567913381382823, "std": 1.0128730535507202}, ".inter_z.intra_z.combat.on_lh.sulc.sm3.mgh": {"mean": 0.0008822025265544653, "std": 1.018206000328064}, ".inter_z.intra_z.combat.on_lh.curv.sm3.mgh": {"mean": -0.0014201217563822865, "std": 1.0135152339935303}, ".inter_z.intra_z.combat.on_lh.gm_FLAIR_0.75.sm3.mgh": {"mean": -0.003368223551660776, "std": 0.6460306644439697}, ".inter_z.intra_z.combat.on_lh.gm_FLAIR_0.5.sm3.mgh": {"mean": -0.0008173532551154494, "std": 0.6522185206413269}, ".inter_z.intra_z.combat.on_lh.gm_FLAIR_0.25.sm3.mgh": {"mean": 0.001760866492986679, "std": 0.6467446684837341}, ".inter_z.intra_z.combat.on_lh.gm_FLAIR_0.sm3.mgh": {"mean": 0.0024520456790924072, "std": 0.627647876739502}, ".inter_z.intra_z.combat.on_lh.wm_FLAIR_0.5.sm3.mgh": {"mean": 0.002413413254544139, "std": 0.6247504949569702}, ".inter_z.intra_z.combat.on_lh.wm_FLAIR_1.sm3.mgh": {"mean": 0.0029210448265075684, "std": 0.6197871565818787}, ".inter_z.asym.intra_z.combat.on_lh.pial.K_filtered.sm20.mgh": {"mean": 8.731149137020111e-11, "std": 1.0204180479049683}, ".inter_z.asym.intra_z.combat.on_lh.pial.K_filtered_regression.sm20.mgh": {"mean": -1.9099388737231493e-10, "std": 1.0217705965042114}, ".inter_z.asym.intra_z.combat.on_lh.thickness_regression.sm3.mgh": {"mean": -2.1827872842550278e-11, "std": 1.005024790763855}, ".inter_z.asym.intra_z.combat.on_lh.thickness.sm3.mgh": {"mean": -3.637978807091713e-12, "std": 1.0045610666275024}, ".inter_z.asym.intra_z.combat.on_lh.w-g.pct_regression.sm3.mgh": {"mean": 9.822542779147625e-11, "std": 0.997604489326477}, ".inter_z.asym.intra_z.combat.on_lh.w-g.pct.sm3.mgh": {"mean": 1.0913936421275139e-11, "std": 0.9913350343704224}, ".inter_z.asym.intra_z.combat.on_lh.sulc.sm3.mgh": {"mean": -3.637978807091713e-12, "std": 1.0224953889846802}, ".inter_z.asym.intra_z.combat.on_lh.curv.sm3.mgh": {"mean": 2.2737367544323206e-13, "std": 1.0159754753112793}, ".inter_z.asym.intra_z.combat.on_lh.gm_FLAIR_0.75.sm3.mgh": {"mean": 1.628105462947449e-11, "std": 0.6352397203445435}, ".inter_z.asym.intra_z.combat.on_lh.gm_FLAIR_0.5.sm3.mgh": {"mean": -3.6180114893619164e-12, "std": 0.6396650671958923}, ".inter_z.asym.intra_z.combat.on_lh.gm_FLAIR_0.25.sm3.mgh": {"mean": 8.592777878124735e-11, "std": 0.6330928206443787}, ".inter_z.asym.intra_z.combat.on_lh.gm_FLAIR_0.sm3.mgh": {"mean": 4.5225143617023955e-13, "std": 0.6164657473564148}, ".inter_z.asym.intra_z.combat.on_lh.wm_FLAIR_0.5.sm3.mgh": {"mean": -1.4019796608366608e-11, "std": 0.6174179911613464}, ".inter_z.asym.intra_z.combat.on_lh.wm_FLAIR_1.sm3.mgh": {"mean": 7.236022978723833e-12, "std": 0.6138818860054016}}