{".combat.on_lh.pial.K_filtered.sm20.mgh": {"mean": 0.44244569540023804, "std": 0.2752024531364441}, ".combat.on_lh.thickness.sm3.mgh": {"mean": 2.635651111602783, "std": 0.6912832856178284}, ".combat.on_lh.thickness_regression.sm3.mgh": {"mean": 2.6356513500213623, "std": 0.6628568768501282}, ".combat.on_lh.w-g.pct.sm3.mgh": {"mean": 26.568782806396484, "std": 11.142772674560547}, ".combat.on_lh.sulc.sm3.mgh": {"mean": 0.0542268231511116, "std": 0.5714929699897766}, ".combat.on_lh.curv.sm3.mgh": {"mean": -0.026451095938682556, "std": 0.14368462562561035}, ".combat.on_lh.gm_FLAIR_0.75.sm3.mgh": {"mean": 134.5358123779297, "std": 20.39535903930664}, ".combat.on_lh.gm_FLAIR_0.5.sm3.mgh": {"mean": 137.69161987304688, "std": 19.934722900390625}, ".combat.on_lh.gm_FLAIR_0.25.sm3.mgh": {"mean": 134.4908905029297, "std": 18.913028717041016}, ".combat.on_lh.gm_FLAIR_0.sm3.mgh": {"mean": 126.9719467163086, "std": 16.861122131347656}, ".combat.on_lh.wm_FLAIR_0.5.sm3.mgh": {"mean": 119.97791290283203, "std": 9.79892349243164}, ".combat.on_lh.wm_FLAIR_1.sm3.mgh": {"mean": 115.60499572753906, "std": 8.600934028625488}, ".inter_z.intra_z.combat.on_lh.pial.K_filtered.sm20.mgh": {"mean": 0.013752034865319729, "std": 1.0781457424163818}, ".inter_z.intra_z.combat.on_lh.thickness.sm3.mgh": {"mean": 0.005219422746449709, "std": 1.0509971380233765}, ".inter_z.intra_z.combat.on_lh.thickness_regression.sm3.mgh": {"mean": 0.005463161040097475, "std": 1.0460089445114136}, ".inter_z.intra_z.combat.on_lh.w-g.pct.sm3.mgh": {"mean": 0.006187748163938522, "std": 1.0565396547317505}, ".inter_z.intra_z.combat.on_lh.sulc.sm3.mgh": {"mean": 0.0019087883410975337, "std": 1.0638924837112427}, ".inter_z.intra_z.combat.on_lh.curv.sm3.mgh": {"mean": -0.0024149399250745773, "std": 1.043414831161499}, ".inter_z.intra_z.combat.on_lh.gm_FLAIR_0.75.sm3.mgh": {"mean": -0.024778468534350395, "std": 1.2106163501739502}, ".inter_z.intra_z.combat.on_lh.gm_FLAIR_0.5.sm3.mgh": {"mean": -0.014029478654265404, "std": 1.2185299396514893}, ".inter_z.intra_z.combat.on_lh.gm_FLAIR_0.25.sm3.mgh": {"mean": -0.001032597734592855, "std": 1.2018418312072754}, ".inter_z.intra_z.combat.on_lh.gm_FLAIR_0.sm3.mgh": {"mean": 0.008933753706514835, "std": 1.1504961252212524}, ".inter_z.intra_z.combat.on_lh.wm_FLAIR_0.5.sm3.mgh": {"mean": 0.014585873112082481, "std": 1.1304090023040771}, ".inter_z.intra_z.combat.on_lh.wm_FLAIR_1.sm3.mgh": {"mean": 0.02327890880405903, "std": 1.1334456205368042}, ".inter_z.asym.intra_z.combat.on_lh.pial.K_filtered.sm20.mgh": {"mean": -7.275957614183426e-12, "std": 1.0837347507476807}, ".inter_z.asym.intra_z.combat.on_lh.thickness_regression.sm3.mgh": {"mean": -1.0913936421275139e-11, "std": 1.0358613729476929}, ".inter_z.asym.intra_z.combat.on_lh.thickness.sm3.mgh": {"mean": -6.002665031701326e-11, "std": 1.039478063583374}, ".inter_z.asym.intra_z.combat.on_lh.w-g.pct.sm3.mgh": {"mean": -4.3655745685100555e-11, "std": 1.0522323846817017}, ".inter_z.asym.intra_z.combat.on_lh.sulc.sm3.mgh": {"mean": 5.4569682106375694e-12, "std": 1.0691428184509277}, ".inter_z.asym.intra_z.combat.on_lh.curv.sm3.mgh": {"mean": -3.637978807091713e-12, "std": 1.0444999933242798}, ".inter_z.asym.intra_z.combat.on_lh.gm_FLAIR_0.75.sm3.mgh": {"mean": 1.4551915228366852e-10, "std": 1.164645791053772}, ".inter_z.asym.intra_z.combat.on_lh.gm_FLAIR_0.5.sm3.mgh": {"mean": 8.731149137020111e-11, "std": 1.1704602241516113}, ".inter_z.asym.intra_z.combat.on_lh.gm_FLAIR_0.25.sm3.mgh": {"mean": 1.1641532182693481e-10, "std": 1.1577446460723877}, ".inter_z.asym.intra_z.combat.on_lh.gm_FLAIR_0.sm3.mgh": {"mean": 8.003553375601768e-11, "std": 1.1234304904937744}, ".inter_z.asym.intra_z.combat.on_lh.wm_FLAIR_0.5.sm3.mgh": {"mean": 1.1732481652870774e-10, "std": 1.1129792928695679}, ".inter_z.asym.intra_z.combat.on_lh.wm_FLAIR_1.sm3.mgh": {"mean": 1.0913936421275139e-11, "std": 1.1136279106140137}}