{".combat.on_lh.pial.K_filtered.sm20.mgh": {"mean": 0.5038626194000244, "std": 0.3130382299423218}, ".combat.on_lh.thickness.sm3.mgh": {"mean": 2.6667654514312744, "std": 0.6937940716743469}, ".combat.on_lh.thickness_regression.sm3.mgh": {"mean": 2.6667654514312744, "std": 0.6705865263938904}, ".combat.on_lh.w-g.pct.sm3.mgh": {"mean": 24.170522689819336, "std": 9.622745513916016}, ".combat.on_lh.sulc.sm3.mgh": {"mean": 0.05367401987314224, "std": 0.5665598511695862}, ".combat.on_lh.curv.sm3.mgh": {"mean": -0.02662261761724949, "std": 0.14215724170207977}, ".combat.on_lh.gm_FLAIR_0.75.sm3.mgh": {"mean": 136.82968139648438, "std": 17.612781524658203}, ".combat.on_lh.gm_FLAIR_0.5.sm3.mgh": {"mean": 140.94927978515625, "std": 16.043102264404297}, ".combat.on_lh.gm_FLAIR_0.25.sm3.mgh": {"mean": 137.48272705078125, "std": 14.159014701843262}, ".combat.on_lh.gm_FLAIR_0.sm3.mgh": {"mean": 128.0760040283203, "std": 10.51087760925293}, ".combat.on_lh.wm_FLAIR_0.5.sm3.mgh": {"mean": 119.6790542602539, "std": 7.96249532699585}, ".combat.on_lh.wm_FLAIR_1.sm3.mgh": {"mean": 114.50215148925781, "std": 7.1296820640563965}, ".inter_z.intra_z.combat.on_lh.pial.K_filtered.sm20.mgh": {"mean": 0.020965227857232094, "std": 1.1048777103424072}, ".inter_z.intra_z.combat.on_lh.thickness_regression.sm3.mgh": {"mean": 0.007747821509838104, "std": 1.066899299621582}, ".inter_z.intra_z.combat.on_lh.w-g.pct.sm3.mgh": {"mean": 0.007210636977106333, "std": 1.0602881908416748}, ".inter_z.intra_z.combat.on_lh.sulc.sm3.mgh": {"mean": 0.006064554676413536, "std": 1.0923455953598022}, ".inter_z.intra_z.combat.on_lh.curv.sm3.mgh": {"mean": -0.002045442583039403, "std": 1.0671255588531494}, ".inter_z.intra_z.combat.on_lh.gm_FLAIR_0.75.sm3.mgh": {"mean": -0.04725680127739906, "std": 1.263229489326477}, ".inter_z.intra_z.combat.on_lh.gm_FLAIR_0.5.sm3.mgh": {"mean": -0.02844412811100483, "std": 1.2561675310134888}, ".inter_z.intra_z.combat.on_lh.gm_FLAIR_0.25.sm3.mgh": {"mean": -0.006390768568962812, "std": 1.2389447689056396}, ".inter_z.intra_z.combat.on_lh.gm_FLAIR_0.sm3.mgh": {"mean": 0.010225020349025726, "std": 1.199887990951538}, ".inter_z.intra_z.combat.on_lh.wm_FLAIR_0.5.sm3.mgh": {"mean": 0.020151548087596893, "std": 1.1929118633270264}, ".inter_z.intra_z.combat.on_lh.wm_FLAIR_1.sm3.mgh": {"mean": 0.03191414847970009, "std": 1.1793659925460815}, ".inter_z.asym.intra_z.combat.on_lh.pial.K_filtered.sm20.mgh": {"mean": -4.3655745685100555e-10, "std": 1.1215183734893799}, ".inter_z.asym.intra_z.combat.on_lh.thickness_regression.sm3.mgh": {"mean": -1.4551915228366852e-10, "std": 1.0536749362945557}, ".inter_z.asym.intra_z.combat.on_lh.w-g.pct.sm3.mgh": {"mean": -8.149072527885437e-10, "std": 1.0781065225601196}, ".inter_z.asym.intra_z.combat.on_lh.sulc.sm3.mgh": {"mean": 6.548361852765083e-11, "std": 1.1036579608917236}, ".inter_z.asym.intra_z.combat.on_lh.curv.sm3.mgh": {"mean": 4.3655745685100555e-11, "std": 1.0685703754425049}, ".inter_z.asym.intra_z.combat.on_lh.gm_FLAIR_0.75.sm3.mgh": {"mean": 2.3283064365386963e-10, "std": 1.2068378925323486}, ".inter_z.asym.intra_z.combat.on_lh.gm_FLAIR_0.5.sm3.mgh": {"mean": -4.656612873077393e-10, "std": 1.2048578262329102}, ".inter_z.asym.intra_z.combat.on_lh.gm_FLAIR_0.25.sm3.mgh": {"mean": -2.3283064365386963e-10, "std": 1.1929599046707153}, ".inter_z.asym.intra_z.combat.on_lh.gm_FLAIR_0.sm3.mgh": {"mean": 3.4924596548080444e-10, "std": 1.1686742305755615}, ".inter_z.asym.intra_z.combat.on_lh.wm_FLAIR_0.5.sm3.mgh": {"mean": 0.0, "std": 1.170699119567871}, ".inter_z.asym.intra_z.combat.on_lh.wm_FLAIR_1.sm3.mgh": {"mean": 1.5279510989785194e-10, "std": 1.1748234033584595}}