{".combat.on_lh.pial.K_filtered.sm20.mgh": {"mean": 0.44163572788238525, "std": 0.23417091369628906}, ".combat.on_lh.thickness.sm3.mgh": {"mean": 2.6340560913085938, "std": 0.660460352897644}, ".combat.on_lh.w-g.pct.sm3.mgh": {"mean": 26.449058532714844, "std": 7.576606750488281}, ".combat.on_lh.sulc.sm3.mgh": {"mean": 0.0543271005153656, "std": 0.567446231842041}, ".combat.on_lh.curv.sm3.mgh": {"mean": -0.02648821659386158, "std": 0.14007315039634705}, ".combat.on_lh.gm_FLAIR_0.75.sm3.mgh": {"mean": 134.4301300048828, "std": 14.874468803405762}, ".combat.on_lh.gm_FLAIR_0.5.sm3.mgh": {"mean": 137.5692138671875, "std": 13.970430374145508}, ".combat.on_lh.gm_FLAIR_0.25.sm3.mgh": {"mean": 134.37628173828125, "std": 12.4510498046875}, ".combat.on_lh.gm_FLAIR_0.sm3.mgh": {"mean": 126.87689208984375, "std": 9.735048294067383}, ".combat.on_lh.wm_FLAIR_0.5.sm3.mgh": {"mean": 119.89596557617188, "std": 7.308739185333252}, ".combat.on_lh.wm_FLAIR_1.sm3.mgh": {"mean": 115.54646301269531, "std": 6.782464981079102}, ".inter_z.intra_z.combat.on_lh.pial.K_filtered.sm20.mgh": {"mean": 0.004235710017383099, "std": 1.0217418670654297}, ".inter_z.intra_z.combat.on_lh.thickness.sm3.mgh": {"mean": 0.0006810493650846183, "std": 1.0104831457138062}, ".inter_z.intra_z.combat.on_lh.w-g.pct.sm3.mgh": {"mean": 0.003384882817044854, "std": 1.0032544136047363}, ".inter_z.intra_z.combat.on_lh.sulc.sm3.mgh": {"mean": 0.0008822025265544653, "std": 1.018206000328064}, ".inter_z.intra_z.combat.on_lh.curv.sm3.mgh": {"mean": -0.0014201217563822865, "std": 1.0135152339935303}, ".inter_z.intra_z.combat.on_lh.gm_FLAIR_0.75.sm3.mgh": {"mean": -0.010296819731593132, "std": 1.129522442817688}, ".inter_z.intra_z.combat.on_lh.gm_FLAIR_0.5.sm3.mgh": {"mean": -0.002498688641935587, "std": 1.1403676271438599}, ".inter_z.intra_z.combat.on_lh.gm_FLAIR_0.25.sm3.mgh": {"mean": 0.005383055191487074, "std": 1.1307941675186157}, ".inter_z.intra_z.combat.on_lh.gm_FLAIR_0.sm3.mgh": {"mean": 0.007496014703065157, "std": 1.0973950624465942}, ".inter_z.intra_z.combat.on_lh.wm_FLAIR_0.5.sm3.mgh": {"mean": 0.007377926260232925, "std": 1.0923255681991577}, ".inter_z.intra_z.combat.on_lh.wm_FLAIR_1.sm3.mgh": {"mean": 0.008929751813411713, "std": 1.0836414098739624}, ".inter_z.asym.intra_z.combat.on_lh.pial.K_filtered.sm20.mgh": {"mean": 8.731149137020111e-11, "std": 1.0204180479049683}, ".inter_z.asym.intra_z.combat.on_lh.thickness.sm3.mgh": {"mean": -3.637978807091713e-12, "std": 1.0045610666275024}, ".inter_z.asym.intra_z.combat.on_lh.w-g.pct.sm3.mgh": {"mean": 1.0913936421275139e-11, "std": 0.9913350343704224}, ".inter_z.asym.intra_z.combat.on_lh.sulc.sm3.mgh": {"mean": -3.637978807091713e-12, "std": 1.0224953889846802}, ".inter_z.asym.intra_z.combat.on_lh.curv.sm3.mgh": {"mean": 2.2737367544323206e-13, "std": 1.0159754753112793}, ".inter_z.asym.intra_z.combat.on_lh.gm_FLAIR_0.75.sm3.mgh": {"mean": 1.4551915228366852e-11, "std": 1.1106781959533691}, ".inter_z.asym.intra_z.combat.on_lh.gm_FLAIR_0.5.sm3.mgh": {"mean": 2.455635694786906e-10, "std": 1.1184154748916626}, ".inter_z.asym.intra_z.combat.on_lh.gm_FLAIR_0.25.sm3.mgh": {"mean": 2.9103830456733704e-11, "std": 1.106925368309021}, ".inter_z.asym.intra_z.combat.on_lh.gm_FLAIR_0.sm3.mgh": {"mean": -3.3287506084889174e-10, "std": 1.0778543949127197}, ".inter_z.asym.intra_z.combat.on_lh.wm_FLAIR_0.5.sm3.mgh": {"mean": 1.4551915228366852e-11, "std": 1.0795201063156128}, ".inter_z.asym.intra_z.combat.on_lh.wm_FLAIR_1.sm3.mgh": {"mean": -7.275957614183426e-11, "std": 1.0733380317687988}}