{".combat.on_lh.pial.K_filtered.sm20.mgh": {"mean": 0.43763816356658936, "std": 0.23084700107574463}, ".combat.on_lh.thickness.sm3.mgh": {"mean": 2.6290476322174072, "std": 0.6811547875404358}, ".combat.on_lh.thickness_regression.sm3.mgh": {"mean": 2.62803316116333, "std": 0.6525564193725586}, ".combat.on_lh.w-g.pct.sm3.mgh": {"mean": 26.373197555541992, "std": 7.702742099761963}, ".combat.on_lh.sulc.sm3.mgh": {"mean": 0.05420074611902237, "std": 0.5707051157951355}, ".combat.on_lh.curv.sm3.mgh": {"mean": -0.027084169909358025, "std": 0.13953739404678345}, ".combat.on_lh.gm_FLAIR_0.75.sm3.mgh": {"mean": 133.7316436767578, "std": 17.713909149169922}, ".combat.on_lh.gm_FLAIR_0.5.sm3.mgh": {"mean": 136.872314453125, "std": 17.128530502319336}, ".combat.on_lh.gm_FLAIR_0.25.sm3.mgh": {"mean": 133.68983459472656, "std": 15.780328750610352}, ".combat.on_lh.gm_FLAIR_0.sm3.mgh": {"mean": 126.20894622802734, "std": 13.362709999084473}, ".combat.on_lh.wm_FLAIR_0.5.sm3.mgh": {"mean": 119.26268768310547, "std": 11.383731842041016}, ".combat.on_lh.wm_FLAIR_1.sm3.mgh": {"mean": 114.9331283569336, "std": 10.799609184265137}, ".inter_z.intra_z.combat.on_lh.pial.K_filtered.sm20.mgh": {"mean": 0.0034609981812536716, "std": 1.0176560878753662}, ".inter_z.intra_z.combat.on_lh.thickness.sm3.mgh": {"mean": 0.00165927701164037, "std": 1.0115352869033813}, ".inter_z.intra_z.combat.on_lh.thickness_regression.sm3.mgh": {"mean": 0.0010815368732437491, "std": 1.010091781616211}, ".inter_z.intra_z.combat.on_lh.w-g.pct.sm3.mgh": {"mean": 0.0036131194792687893, "std": 1.0036228895187378}, ".inter_z.intra_z.combat.on_lh.sulc.sm3.mgh": {"mean": 0.0011949784820899367, "std": 1.015586256980896}, ".inter_z.intra_z.combat.on_lh.curv.sm3.mgh": {"mean": -0.0012518750736489892, "std": 1.0131224393844604}, ".inter_z.intra_z.combat.on_lh.gm_FLAIR_0.75.sm3.mgh": {"mean": -0.01045508123934269, "std": 1.1450029611587524}, ".inter_z.intra_z.combat.on_lh.gm_FLAIR_0.5.sm3.mgh": {"mean": -0.002222178503870964, "std": 1.165592074394226}, ".inter_z.intra_z.combat.on_lh.gm_FLAIR_0.25.sm3.mgh": {"mean": 0.00536370137706399, "std": 1.1638786792755127}, ".inter_z.intra_z.combat.on_lh.gm_FLAIR_0.sm3.mgh": {"mean": 0.007447534706443548, "std": 1.1357392072677612}, ".inter_z.intra_z.combat.on_lh.wm_FLAIR_0.5.sm3.mgh": {"mean": 0.010340805165469646, "std": 1.111096739768982}, ".inter_z.intra_z.combat.on_lh.wm_FLAIR_1.sm3.mgh": {"mean": 0.012648242525756359, "std": 1.1002229452133179}, ".inter_z.asym.intra_z.combat.on_lh.pial.K_filtered.sm20.mgh": {"mean": -9.458744898438454e-11, "std": 1.0146275758743286}, ".inter_z.asym.intra_z.combat.on_lh.thickness_regression.sm3.mgh": {"mean": -7.275957614183426e-12, "std": 1.0037208795547485}, ".inter_z.asym.intra_z.combat.on_lh.thickness.sm3.mgh": {"mean": -2.7284841053187847e-11, "std": 1.0037482976913452}, ".inter_z.asym.intra_z.combat.on_lh.w-g.pct.sm3.mgh": {"mean": 7.275957614183426e-12, "std": 0.9905478954315186}, ".inter_z.asym.intra_z.combat.on_lh.sulc.sm3.mgh": {"mean": 1.4551915228366852e-11, "std": 1.0177782773971558}, ".inter_z.asym.intra_z.combat.on_lh.curv.sm3.mgh": {"mean": 6.366462912410498e-12, "std": 1.0137498378753662}, ".inter_z.asym.intra_z.combat.on_lh.gm_FLAIR_0.75.sm3.mgh": {"mean": 5.456968210637569e-10, "std": 1.1167269945144653}, ".inter_z.asym.intra_z.combat.on_lh.gm_FLAIR_0.5.sm3.mgh": {"mean": 1.3096723705530167e-10, "std": 1.1344351768493652}, ".inter_z.asym.intra_z.combat.on_lh.gm_FLAIR_0.25.sm3.mgh": {"mean": 2.473825588822365e-10, "std": 1.1307810544967651}, ".inter_z.asym.intra_z.combat.on_lh.gm_FLAIR_0.sm3.mgh": {"mean": -1.8189894035458565e-12, "std": 1.1037606000900269}, ".inter_z.asym.intra_z.combat.on_lh.wm_FLAIR_0.5.sm3.mgh": {"mean": 0.0, "std": 1.0836386680603027}, ".inter_z.asym.intra_z.combat.on_lh.wm_FLAIR_1.sm3.mgh": {"mean": 2.9103830456733704e-11, "std": 1.0766123533248901}}