{".combat.on_lh.pial.K_filtered.sm20.mgh": {"mean": 0.4414871335029602, "std": 0.23453181982040405}, ".combat.on_lh.thickness.sm3.mgh": {"mean": 2.6340126991271973, "std": 0.666217565536499}, ".combat.on_lh.thickness_regression.sm3.mgh": {"mean": 2.6341476440429688, "std": 0.6368770003318787}, ".combat.on_lh.w-g.pct.sm3.mgh": {"mean": 26.432199478149414, "std": 7.212334156036377}, ".combat.on_lh.sulc.sm3.mgh": {"mean": 0.054728977382183075, "std": 0.5688189268112183}, ".combat.on_lh.curv.sm3.mgh": {"mean": -0.026218660175800323, "std": 0.1418159008026123}, ".combat.on_lh.gm_FLAIR_0.75.sm3.mgh": {"mean": 134.30284118652344, "std": 17.592819213867188}, ".combat.on_lh.gm_FLAIR_0.5.sm3.mgh": {"mean": 137.44149780273438, "std": 16.885269165039062}, ".combat.on_lh.gm_FLAIR_0.25.sm3.mgh": {"mean": 134.25119018554688, "std": 15.490799903869629}, ".combat.on_lh.gm_FLAIR_0.sm3.mgh": {"mean": 126.77737426757812, "std": 15.241374969482422}, ".combat.on_lh.wm_FLAIR_0.5.sm3.mgh": {"mean": 119.82109832763672, "std": 8.775257110595703}, ".combat.on_lh.wm_FLAIR_1.sm3.mgh": {"mean": 115.51981353759766, "std": 8.213400840759277}, ".inter_z.intra_z.combat.on_lh.pial.K_filtered.sm20.mgh": {"mean": 0.0040663680993020535, "std": 1.0375896692276}, ".inter_z.intra_z.combat.on_lh.thickness.sm3.mgh": {"mean": 0.0010582233080640435, "std": 1.0155102014541626}, ".inter_z.intra_z.combat.on_lh.thickness_regression.sm3.mgh": {"mean": 0.0010827676160261035, "std": 1.012686014175415}, ".inter_z.intra_z.combat.on_lh.w-g.pct.sm3.mgh": {"mean": 0.0029327888041734695, "std": 1.0172934532165527}, ".inter_z.intra_z.combat.on_lh.sulc.sm3.mgh": {"mean": -0.0003884834877680987, "std": 1.0322449207305908}, ".inter_z.intra_z.combat.on_lh.curv.sm3.mgh": {"mean": -0.0023321008775383234, "std": 1.0205836296081543}, ".inter_z.intra_z.combat.on_lh.gm_FLAIR_0.75.sm3.mgh": {"mean": -0.006572121754288673, "std": 1.1598478555679321}, ".inter_z.intra_z.combat.on_lh.gm_FLAIR_0.5.sm3.mgh": {"mean": 0.0018695199396461248, "std": 1.1711094379425049}, ".inter_z.intra_z.combat.on_lh.gm_FLAIR_0.25.sm3.mgh": {"mean": 0.010482213459908962, "std": 1.1648811101913452}, ".inter_z.intra_z.combat.on_lh.gm_FLAIR_0.sm3.mgh": {"mean": 0.012977379374206066, "std": 1.1320736408233643}, ".inter_z.intra_z.combat.on_lh.wm_FLAIR_0.5.sm3.mgh": {"mean": 0.012191985733807087, "std": 1.1111661195755005}, ".inter_z.intra_z.combat.on_lh.wm_FLAIR_1.sm3.mgh": {"mean": 0.01376077625900507, "std": 1.1072558164596558}, ".inter_z.asym.intra_z.combat.on_lh.pial.K_filtered.sm20.mgh": {"mean": 0.0, "std": 1.0357457399368286}, ".inter_z.asym.intra_z.combat.on_lh.thickness_regression.sm3.mgh": {"mean": -9.094947017729282e-11, "std": 1.0070239305496216}, ".inter_z.asym.intra_z.combat.on_lh.thickness.sm3.mgh": {"mean": -3.2741809263825417e-11, "std": 1.0096441507339478}, ".inter_z.asym.intra_z.combat.on_lh.w-g.pct.sm3.mgh": {"mean": 7.639755494892597e-11, "std": 1.0064964294433594}, ".inter_z.asym.intra_z.combat.on_lh.sulc.sm3.mgh": {"mean": -2.000888343900442e-11, "std": 1.038411021232605}, ".inter_z.asym.intra_z.combat.on_lh.curv.sm3.mgh": {"mean": -9.094947017729282e-13, "std": 1.0232406854629517}, ".inter_z.asym.intra_z.combat.on_lh.gm_FLAIR_0.75.sm3.mgh": {"mean": -4.18367562815547e-11, "std": 1.1383512020111084}, ".inter_z.asym.intra_z.combat.on_lh.gm_FLAIR_0.5.sm3.mgh": {"mean": 6.548361852765083e-11, "std": 1.1475391387939453}, ".inter_z.asym.intra_z.combat.on_lh.gm_FLAIR_0.25.sm3.mgh": {"mean": 5.820766091346741e-11, "std": 1.140062928199768}, ".inter_z.asym.intra_z.combat.on_lh.gm_FLAIR_0.sm3.mgh": {"mean": 4.547473508864641e-11, "std": 1.1136977672576904}, ".inter_z.asym.intra_z.combat.on_lh.wm_FLAIR_0.5.sm3.mgh": {"mean": -4.3655745685100555e-11, "std": 1.097312569618225}, ".inter_z.asym.intra_z.combat.on_lh.wm_FLAIR_1.sm3.mgh": {"mean": -8.003553375601768e-11, "std": 1.093469500541687}}