{".combat.on_lh.pial.K_filtered.sm20.mgh": {"mean": 0.44163572788238525, "std": 0.23417091369628906}, ".combat.on_lh.thickness.sm10.mgh": {"mean": 2.6343789100646973, "std": 0.5175637602806091}, ".combat.on_lh.w-g.pct.sm10.mgh": {"mean": 26.453405380249023, "std": 6.330117225646973}, ".combat.on_lh.sulc.sm5.mgh": {"mean": 0.054355040192604065, "std": 0.5441499352455139}, ".combat.on_lh.curv.sm5.mgh": {"mean": -0.026478243991732597, "std": 0.1178244799375534}, ".combat.on_lh.gm_FLAIR_0.75.sm10.mgh": {"mean": 134.4345703125, "std": 12.540480613708496}, ".combat.on_lh.gm_FLAIR_0.5.sm10.mgh": {"mean": 137.56991577148438, "std": 12.0182523727417}, ".combat.on_lh.gm_FLAIR_0.25.sm10.mgh": {"mean": 134.3744659423828, "std": 10.519050598144531}, ".combat.on_lh.gm_FLAIR_0.sm10.mgh": {"mean": 126.87252044677734, "std": 7.650448322296143}, ".combat.on_lh.wm_FLAIR_0.5.sm10.mgh": {"mean": 119.8944320678711, "std": 5.587179183959961}, ".combat.on_lh.wm_FLAIR_1.sm10.mgh": {"mean": 115.5473861694336, "std": 4.864781379699707}, ".inter_z.intra_z.combat.on_lh.pial.K_filtered.sm20.mgh": {"mean": 0.004235710017383099, "std": 1.0217418670654297}, ".inter_z.intra_z.combat.on_lh.thickness.sm10.mgh": {"mean": 0.0018482586601749063, "std": 1.013883113861084}, ".inter_z.intra_z.combat.on_lh.w-g.pct.sm10.mgh": {"mean": 0.003825198858976364, "std": 1.0355459451675415}, ".inter_z.intra_z.combat.on_lh.sulc.sm5.mgh": {"mean": 0.0010885437950491905, "std": 1.0195354223251343}, ".inter_z.intra_z.combat.on_lh.curv.sm5.mgh": {"mean": -0.0014410115545615554, "std": 1.0155727863311768}, ".inter_z.intra_z.combat.on_lh.gm_FLAIR_0.75.sm10.mgh": {"mean": -0.007304807659238577, "std": 1.1767756938934326}, ".inter_z.intra_z.combat.on_lh.gm_FLAIR_0.5.sm10.mgh": {"mean": 0.002919051330536604, "std": 1.1951372623443604}, ".inter_z.intra_z.combat.on_lh.gm_FLAIR_0.25.sm10.mgh": {"mean": 0.010769734159111977, "std": 1.1937816143035889}, ".inter_z.intra_z.combat.on_lh.gm_FLAIR_0.sm10.mgh": {"mean": 0.012547741644084454, "std": 1.1654037237167358}, ".inter_z.intra_z.combat.on_lh.wm_FLAIR_0.5.sm10.mgh": {"mean": 0.01330869272351265, "std": 1.1385295391082764}, ".inter_z.intra_z.combat.on_lh.wm_FLAIR_1.sm10.mgh": {"mean": 0.015346584841609001, "std": 1.1147215366363525}, ".inter_z.asym.intra_z.combat.on_lh.pial.K_filtered.sm20.mgh": {"mean": 8.731149137020111e-11, "std": 1.0204180479049683}, ".inter_z.asym.intra_z.combat.on_lh.thickness.sm10.mgh": {"mean": 7.275957614183426e-12, "std": 1.0040918588638306}, ".inter_z.asym.intra_z.combat.on_lh.w-g.pct.sm10.mgh": {"mean": -2.9103830456733704e-11, "std": 1.0135114192962646}, ".inter_z.asym.intra_z.combat.on_lh.sulc.sm5.mgh": {"mean": -9.094947017729282e-13, "std": 1.0249170064926147}, ".inter_z.asym.intra_z.combat.on_lh.curv.sm5.mgh": {"mean": 9.777068044058979e-12, "std": 1.018660068511963}, ".inter_z.asym.intra_z.combat.on_lh.gm_FLAIR_0.75.sm10.mgh": {"mean": 4.656612873077393e-10, "std": 1.1463801860809326}, ".inter_z.asym.intra_z.combat.on_lh.gm_FLAIR_0.5.sm10.mgh": {"mean": 0.0, "std": 1.1673964262008667}, ".inter_z.asym.intra_z.combat.on_lh.gm_FLAIR_0.25.sm10.mgh": {"mean": 8.731149137020111e-11, "std": 1.159037470817566}, ".inter_z.asym.intra_z.combat.on_lh.gm_FLAIR_0.sm10.mgh": {"mean": 1.4551915228366852e-10, "std": 1.134063720703125}, ".inter_z.asym.intra_z.combat.on_lh.wm_FLAIR_0.5.sm10.mgh": {"mean": 1.7462298274040222e-10, "std": 1.1135510206222534}, ".inter_z.asym.intra_z.combat.on_lh.wm_FLAIR_1.sm10.mgh": {"mean": 2.9103830456733704e-11, "std": 1.0889842510223389}}